date,aqi,temperature,wind_speed,is_stubble_burning
2020-01-01,368.9,16.3,3.8,0
2020-01-02,332.4,18.3,3.7,0
2020-01-03,319.5,18.4,5.2,0
2020-01-04,298.6,16.3,3.3,0
2020-01-05,261.2,15.6,1.1,0
2020-01-06,362.9,14.0,2.5,0
2020-01-07,409.8,13.3,1.9,0
2020-01-08,291.0,14.6,4.1,0
2020-01-09,302.4,14.0,4.2,0
2020-01-10,335.4,15.8,3.1,0
2020-01-11,309.3,13.8,6.8,0
2020-01-12,272.6,12.9,5.2,0
2020-01-13,301.1,15.4,1.1,0
2020-01-14,348.7,15.4,5.1,0
2020-01-15,290.1,14.8,3.6,0
2020-01-16,390.0,13.6,3.3,0
2020-01-17,363.4,15.7,1.4,0
2020-01-18,339.8,14.2,3.0,0
2020-01-19,279.0,17.1,5.5,0
2020-01-20,382.5,14.4,4.6,0
2020-01-21,304.8,14.1,3.8,0
2020-01-22,397.8,12.7,5.3,0
2020-01-23,355.4,15.0,5.6,0
2020-01-24,404.7,13.8,4.7,0
2020-01-25,217.5,15.1,6.5,0
2020-01-26,301.1,16.8,4.3,0
2020-01-27,343.4,15.4,1.2,0
2020-01-28,318.0,16.0,6.4,0
2020-01-29,384.0,13.7,3.5,0
2020-01-30,365.1,16.0,3.5,0
2020-01-31,313.3,15.6,5.7,0
2020-02-01,228.9,14.8,3.7,0
2020-02-02,267.8,16.1,4.7,0
2020-02-03,287.5,15.1,2.3,0
2020-02-04,293.8,14.9,3.2,0
2020-02-05,292.3,16.5,7.3,0
2020-02-06,231.6,16.2,4.4,0
2020-02-07,374.8,15.7,4.6,0
2020-02-08,266.9,15.5,5.0,0
2020-02-09,289.7,13.6,6.3,0
2020-02-10,340.8,17.6,3.2,0
2020-02-11,367.3,13.3,5.5,0
2020-02-12,301.9,14.2,3.8,0
2020-02-13,302.9,15.2,2.4,0
2020-02-14,264.5,14.2,5.5,0
2020-02-15,255.8,19.5,3.6,0
2020-02-16,275.6,18.1,3.0,0
2020-02-17,300.5,19.2,2.5,0
2020-02-18,248.1,17.2,6.1,0
2020-02-19,303.6,14.1,5.8,0
2020-02-20,267.4,17.4,5.5,0
2020-02-21,266.3,17.4,5.5,0
2020-02-22,222.6,20.8,5.8,0
2020-02-23,289.8,18.5,3.7,0
2020-02-24,321.6,19.6,4.0,0
2020-02-25,347.8,18.2,6.5,0
2020-02-26,264.5,17.0,4.2,0
2020-02-27,303.5,16.0,5.2,0
2020-02-28,285.8,18.3,6.6,0
2020-02-29,340.1,20.8,5.1,0
2020-03-01,178.9,19.2,4.2,0
2020-03-02,237.3,19.1,5.2,0
2020-03-03,198.2,19.2,5.5,0
2020-03-04,246.9,15.3,5.0,0
2020-03-05,227.7,18.9,3.9,0
2020-03-06,225.0,19.4,4.5,0
2020-03-07,211.3,18.9,4.1,0
2020-03-08,216.5,20.0,7.5,0
2020-03-09,238.3,16.3,4.6,0
2020-03-10,308.5,20.2,6.8,0
2020-03-11,234.7,20.4,7.8,0
2020-03-12,234.7,20.7,5.7,0
2020-03-13,207.9,18.0,5.9,0
2020-03-14,146.5,19.9,9.7,0
2020-03-15,189.9,21.2,3.9,0
2020-03-16,185.6,22.2,6.5,0
2020-03-17,196.8,18.7,7.5,0
2020-03-18,197.9,20.8,6.6,0
2020-03-19,155.9,24.8,7.5,0
2020-03-20,236.7,21.0,5.7,0
2020-03-21,208.1,19.2,6.5,0
2020-03-22,188.2,22.7,5.0,0
2020-03-23,259.8,20.1,5.9,0
2020-03-24,238.3,22.1,5.0,0
2020-03-25,164.5,25.7,8.5,0
2020-03-26,190.9,20.6,8.9,0
2020-03-27,184.1,22.6,8.3,0
2020-03-28,180.9,21.8,2.3,0
2020-03-29,232.4,21.6,5.4,0
2020-03-30,219.0,19.4,6.7,0
2020-03-31,238.9,25.3,5.2,0
2020-04-01,193.2,22.6,6.0,0
2020-04-02,182.5,23.1,6.6,0
2020-04-03,193.6,22.1,7.8,0
2020-04-04,202.3,26.2,5.8,0
2020-04-05,179.1,19.3,7.5,0
2020-04-06,174.9,24.0,6.9,0
2020-04-07,198.8,22.6,7.0,0
2020-04-08,197.3,24.5,6.9,0
2020-04-09,185.7,24.5,9.2,0
2020-04-10,196.3,22.4,7.2,0
2020-04-11,159.4,25.5,8.1,0
2020-04-12,167.3,27.0,7.3,0
2020-04-13,199.2,24.2,7.9,0
2020-04-14,196.2,26.4,9.6,0
2020-04-15,164.7,25.0,9.4,0
2020-04-16,175.0,25.8,8.3,0
2020-04-17,218.2,26.5,7.3,0
2020-04-18,185.5,23.5,6.8,0
2020-04-19,162.7,27.2,9.6,0
2020-04-20,176.7,25.8,7.4,0
2020-04-21,166.6,24.6,10.3,0
2020-04-22,183.2,24.5,8.4,0
2020-04-23,180.3,25.2,7.7,0
2020-04-24,161.3,27.0,8.3,0
2020-04-25,131.0,27.1,6.9,0
2020-04-26,161.4,25.4,8.8,0
2020-04-27,157.8,29.9,10.5,0
2020-04-28,171.8,27.1,7.8,0
2020-04-29,150.3,26.8,9.8,0
2020-04-30,158.0,28.5,11.7,0
2020-05-01,164.2,28.5,10.5,0
2020-05-02,160.1,28.3,9.6,0
2020-05-03,170.7,26.4,9.6,0
2020-05-04,215.4,31.1,11.1,0
2020-05-05,178.3,26.8,11.0,0
2020-05-06,152.7,32.9,8.6,0
2020-05-07,172.6,27.4,6.7,0
2020-05-08,183.3,27.3,10.1,0
2020-05-09,135.3,32.7,11.4,0
2020-05-10,130.1,27.3,10.8,0
2020-05-11,152.6,32.9,11.9,0
2020-05-12,170.0,26.0,12.2,0
2020-05-13,161.1,32.1,7.8,0
2020-05-14,161.6,29.7,10.3,0
2020-05-15,170.4,31.1,8.7,0
2020-05-16,165.4,30.3,11.1,0
2020-05-17,187.8,27.9,8.1,0
2020-05-18,206.5,31.0,9.4,0
2020-05-19,166.7,30.7,12.3,0
2020-05-20,151.3,34.7,13.2,0
2020-05-21,194.3,32.7,11.6,0
2020-05-22,192.7,29.0,11.7,0
2020-05-23,119.9,27.5,9.0,0
2020-05-24,178.9,30.6,11.9,0
2020-05-25,131.1,31.5,13.3,0
2020-05-26,181.5,28.0,10.8,0
2020-05-27,173.2,31.5,7.8,0
2020-05-28,176.5,29.1,12.0,0
2020-05-29,148.0,29.9,10.3,0
2020-05-30,125.7,31.8,12.5,0
2020-05-31,133.1,33.1,10.3,0
2020-06-01,130.6,32.0,9.6,0
2020-06-02,133.3,29.9,14.2,0
2020-06-03,135.3,31.0,11.6,0
2020-06-04,148.4,32.1,12.2,0
2020-06-05,134.2,31.6,10.5,0
2020-06-06,156.2,28.2,9.1,0
2020-06-07,126.0,36.2,11.0,0
2020-06-08,143.2,33.6,16.1,0
2020-06-09,108.6,32.8,10.0,0
2020-06-10,110.1,33.6,10.4,0
2020-06-11,171.6,32.0,9.9,0
2020-06-12,158.9,35.1,11.6,0
2020-06-13,147.6,33.6,10.3,0
2020-06-14,117.8,34.6,10.1,0
2020-06-15,158.4,31.9,9.6,0
2020-06-16,143.1,37.5,9.6,0
2020-06-17,125.6,32.5,11.0,0
2020-06-18,119.6,32.2,11.8,0
2020-06-19,127.5,34.5,11.7,0
2020-06-20,135.2,32.2,10.9,0
2020-06-21,121.3,35.1,10.3,0
2020-06-22,146.2,35.7,9.3,0
2020-06-23,117.5,32.9,12.7,0
2020-06-24,144.2,30.7,9.4,0
2020-06-25,146.2,34.9,10.5,0
2020-06-26,114.2,31.1,11.8,0
2020-06-27,103.8,33.2,12.0,0
2020-06-28,104.1,33.8,13.4,0
2020-06-29,142.8,36.3,10.2,0
2020-06-30,121.2,37.5,8.2,0
2020-07-01,86.2,35.8,11.7,0
2020-07-02,81.8,33.5,12.1,0
2020-07-03,82.1,37.1,12.4,0
2020-07-04,70.0,34.0,11.3,0
2020-07-05,75.7,35.6,11.4,0
2020-07-06,68.4,39.0,13.3,0
2020-07-07,53.8,37.3,11.4,0
2020-07-08,87.5,32.9,9.2,0
2020-07-09,79.8,35.0,14.5,0
2020-07-10,51.1,34.5,13.2,0
2020-07-11,51.0,35.4,13.2,0
2020-07-12,62.2,37.3,12.5,0
2020-07-13,73.8,36.3,15.4,0
2020-07-14,72.0,35.5,11.3,0
2020-07-15,83.5,36.7,10.7,0
2020-07-16,85.8,34.0,12.7,0
2020-07-17,77.3,37.1,11.2,0
2020-07-18,80.8,33.0,11.3,0
2020-07-19,83.1,36.5,10.6,0
2020-07-20,100.5,37.7,12.6,0
2020-07-21,66.3,33.4,10.1,0
2020-07-22,74.5,37.9,12.9,0
2020-07-23,117.0,35.5,10.2,0
2020-07-24,90.8,35.2,12.0,0
2020-07-25,60.8,35.8,12.2,0
2020-07-26,79.4,35.8,14.7,0
2020-07-27,67.0,38.0,11.0,0
2020-07-28,96.9,34.5,11.9,0
2020-07-29,80.1,31.4,14.1,0
2020-07-30,66.8,33.8,10.2,0
2020-07-31,63.8,36.3,11.8,0
2020-08-01,87.0,32.0,11.2,0
2020-08-02,68.2,34.0,9.4,0
2020-08-03,84.1,34.0,7.6,0
2020-08-04,93.5,34.0,12.7,0
2020-08-05,58.8,36.6,11.2,0
2020-08-06,66.5,39.5,11.6,0
2020-08-07,72.1,34.2,11.8,0
2020-08-08,68.8,33.1,10.7,0
2020-08-09,71.0,33.0,10.4,0
2020-08-10,39.2,33.6,13.7,0
2020-08-11,43.1,36.2,13.3,0
2020-08-12,61.4,33.2,10.8,0
2020-08-13,102.5,32.3,9.6,0
2020-08-14,76.7,35.6,13.2,0
2020-08-15,77.3,31.4,10.4,0
2020-08-16,65.5,31.1,12.3,0
2020-08-17,80.2,32.7,12.2,0
2020-08-18,60.9,32.7,12.8,0
2020-08-19,69.3,34.5,11.9,0
2020-08-20,91.8,33.9,9.1,0
2020-08-21,92.3,32.7,10.2,0
2020-08-22,59.5,31.6,8.8,0
2020-08-23,90.3,34.1,9.0,0
2020-08-24,80.7,28.6,13.4,0
2020-08-25,85.6,32.5,10.0,0
2020-08-26,76.3,32.5,12.4,0
2020-08-27,79.5,32.8,10.1,0
2020-08-28,69.3,33.0,8.1,0
2020-08-29,65.8,33.7,10.8,0
2020-08-30,63.9,32.1,11.0,0
2020-08-31,70.7,30.4,10.8,0
2020-09-01,141.6,32.7,7.9,0
2020-09-02,133.6,32.7,10.7,0
2020-09-03,81.5,34.9,11.8,0
2020-09-04,127.3,28.9,9.3,0
2020-09-05,112.0,32.4,9.1,0
2020-09-06,92.2,29.7,9.2,0
2020-09-07,113.6,29.2,8.0,0
2020-09-08,165.4,33.0,8.6,0
2020-09-09,106.2,31.8,10.2,0
2020-09-10,124.8,32.1,9.0,0
2020-09-11,134.6,35.6,9.7,0
2020-09-12,138.9,29.0,9.7,0
2020-09-13,116.5,29.0,12.4,0
2020-09-14,139.4,28.9,10.6,0
2020-09-15,116.8,31.2,7.2,0
2020-09-16,136.2,29.3,9.4,0
2020-09-17,136.1,30.0,7.5,0
2020-09-18,139.5,30.7,10.2,0
2020-09-19,108.0,31.0,10.0,0
2020-09-20,120.1,25.8,9.9,0
2020-09-21,113.3,29.5,7.3,0
2020-09-22,135.5,31.0,9.1,0
2020-09-23,142.9,28.7,9.1,0
2020-09-24,121.8,27.5,9.1,0
2020-09-25,134.7,27.5,8.5,0
2020-09-26,99.6,27.2,10.7,0
2020-09-27,140.1,27.7,8.1,0
2020-09-28,101.1,28.3,10.3,0
2020-09-29,127.5,28.2,10.0,0
2020-09-30,152.4,29.7,7.8,0
2020-10-01,191.8,32.0,8.0,0
2020-10-02,185.5,30.1,10.8,0
2020-10-03,160.4,26.2,8.0,0
2020-10-04,178.4,25.0,6.8,0
2020-10-05,249.5,26.6,8.6,0
2020-10-06,204.7,24.5,9.7,0
2020-10-07,180.2,26.3,9.1,0
2020-10-08,222.6,27.0,8.3,0
2020-10-09,185.8,26.6,11.7,0
2020-10-10,183.3,24.8,7.0,0
2020-10-11,223.1,24.4,9.6,0
2020-10-12,230.4,24.4,6.5,0
2020-10-13,218.4,24.2,8.6,0
2020-10-14,259.1,22.1,10.0,0
2020-10-15,298.2,23.8,7.0,1
2020-10-16,280.5,25.5,6.2,1
2020-10-17,245.5,21.9,6.3,1
2020-10-18,206.9,28.1,8.4,1
2020-10-19,358.1,24.3,9.1,1
2020-10-20,252.8,23.1,9.2,1
2020-10-21,314.6,25.1,6.6,1
2020-10-22,313.1,26.0,7.7,1
2020-10-23,294.0,25.8,8.8,1
2020-10-24,255.5,24.7,6.4,1
2020-10-25,240.0,24.0,6.3,1
2020-10-26,263.4,25.7,8.0,1
2020-10-27,316.7,20.2,7.9,1
2020-10-28,269.6,27.1,7.1,1
2020-10-29,280.7,22.4,7.0,1
2020-10-30,273.8,22.8,6.8,1
2020-10-31,262.2,24.4,5.0,1
2020-11-01,408.0,20.7,5.7,1
2020-11-02,486.9,20.8,6.9,1
2020-11-03,428.8,21.6,3.8,1
2020-11-04,454.6,18.7,2.9,1
2020-11-05,454.2,20.5,7.9,1
2020-11-06,483.8,22.6,6.0,1
2020-11-07,361.9,19.0,7.4,1
2020-11-08,402.3,18.5,8.2,1
2020-11-09,416.4,23.1,6.3,1
2020-11-10,421.1,21.8,6.6,1
2020-11-11,427.6,23.2,7.7,1
2020-11-12,389.3,19.0,8.5,1
2020-11-13,500.0,17.3,3.3,1
2020-11-14,500.0,19.5,5.6,1
2020-11-15,500.0,18.5,7.1,1
2020-11-16,345.4,19.7,4.7,0
2020-11-17,345.6,18.8,9.1,0
2020-11-18,310.6,20.5,8.1,0
2020-11-19,352.4,19.4,5.0,0
2020-11-20,366.6,18.8,4.2,0
2020-11-21,345.8,16.9,6.8,0
2020-11-22,336.9,17.9,4.6,0
2020-11-23,366.5,17.2,7.9,0
2020-11-24,329.3,19.4,6.2,0
2020-11-25,392.0,20.7,5.3,0
2020-11-26,369.3,18.0,7.0,0
2020-11-27,360.8,22.6,4.4,0
2020-11-28,353.4,16.1,4.2,0
2020-11-29,307.7,20.3,9.4,0
2020-11-30,312.4,16.0,6.0,0
2020-12-01,327.7,18.9,4.1,0
2020-12-02,351.0,19.8,4.6,0
2020-12-03,292.2,19.3,1.9,0
2020-12-04,314.1,14.3,7.7,0
2020-12-05,274.4,20.9,2.2,0
2020-12-06,306.9,18.8,4.9,0
2020-12-07,348.2,14.6,6.7,0
2020-12-08,334.8,17.8,3.5,0
2020-12-09,327.2,16.3,2.0,0
2020-12-10,238.0,16.5,6.1,0
2020-12-11,337.6,17.2,2.7,0
2020-12-12,319.6,17.3,4.3,0
2020-12-13,270.6,14.0,6.1,0
2020-12-14,253.1,13.3,4.0,0
2020-12-15,368.0,16.8,3.9,0
2020-12-16,296.4,17.5,2.2,0
2020-12-17,363.1,17.2,5.6,0
2020-12-18,333.6,18.5,4.1,0
2020-12-19,305.0,18.6,3.8,0
2020-12-20,300.1,15.3,3.4,0
2020-12-21,289.5,14.5,4.0,0
2020-12-22,302.1,15.4,4.8,0
2020-12-23,340.4,15.7,4.4,0
2020-12-24,245.2,15.4,5.8,0
2020-12-25,333.9,21.5,2.8,0
2020-12-26,305.8,13.7,5.1,0
2020-12-27,289.0,14.2,5.7,0
2020-12-28,325.9,16.5,2.7,0
2020-12-29,326.9,19.4,5.5,0
2020-12-30,333.7,14.4,4.1,0
2020-12-31,352.4,16.2,2.4,0
2021-01-01,350.2,13.1,6.5,0
2021-01-02,337.6,15.8,5.5,0
2021-01-03,368.0,15.9,6.2,0
2021-01-04,351.5,15.9,1.5,0
2021-01-05,412.9,17.2,4.9,0
2021-01-06,368.8,16.4,5.9,0
2021-01-07,334.9,15.3,2.5,0
2021-01-08,462.7,11.8,2.7,0
2021-01-09,307.5,11.9,3.5,0
2021-01-10,326.2,13.8,4.3,0
2021-01-11,280.3,17.2,6.3,0
2021-01-12,437.8,13.6,4.1,0
2021-01-13,338.2,14.1,4.0,0
2021-01-14,307.0,11.9,6.2,0
2021-01-15,406.9,19.7,5.1,0
2021-01-16,367.2,16.2,3.7,0
2021-01-17,349.7,14.6,4.9,0
2021-01-18,350.3,13.1,2.7,0
2021-01-19,303.2,17.0,3.1,0
2021-01-20,413.6,15.8,6.3,0
2021-01-21,388.7,13.8,1.7,0
2021-01-22,414.8,14.8,2.7,0
2021-01-23,352.1,18.8,4.5,0
2021-01-24,346.7,13.2,6.2,0
2021-01-25,408.5,14.0,4.3,0
2021-01-26,398.1,15.5,6.0,0
2021-01-27,407.3,14.6,4.8,0
2021-01-28,372.7,12.7,5.9,0
2021-01-29,416.5,14.7,5.4,0
2021-01-30,328.5,13.9,5.5,0
2021-01-31,358.4,19.0,3.0,0
2021-02-01,279.2,13.9,7.7,0
2021-02-02,318.8,16.5,3.2,0
2021-02-03,384.4,16.4,6.2,0
2021-02-04,387.8,12.5,4.8,0
2021-02-05,334.0,12.3,4.9,0
2021-02-06,254.5,16.5,3.3,0
2021-02-07,339.5,11.9,6.0,0
2021-02-08,270.9,16.4,3.7,0
2021-02-09,305.7,17.0,2.9,0
2021-02-10,303.8,14.8,4.3,0
2021-02-11,357.1,16.1,3.7,0
2021-02-12,342.4,18.2,4.8,0
2021-02-13,256.3,20.5,3.0,0
2021-02-14,281.1,17.7,7.7,0
2021-02-15,297.5,19.8,4.9,0
2021-02-16,294.8,14.5,5.8,0
2021-02-17,310.2,16.7,7.3,0
2021-02-18,308.4,19.3,3.1,0
2021-02-19,359.9,13.9,5.1,0
2021-02-20,267.8,17.0,6.9,0
2021-02-21,310.7,17.4,4.3,0
2021-02-22,283.2,18.1,6.0,0
2021-02-23,322.6,15.4,4.1,0
2021-02-24,291.6,17.4,6.3,0
2021-02-25,280.5,14.2,8.5,0
2021-02-26,331.9,19.2,5.4,0
2021-02-27,312.6,17.6,4.8,0
2021-02-28,311.3,16.9,7.2,0
2021-03-01,241.1,19.0,4.7,0
2021-03-02,223.4,15.6,5.0,0
2021-03-03,247.4,20.7,5.6,0
2021-03-04,314.6,17.8,5.9,0
2021-03-05,264.2,17.7,4.7,0
2021-03-06,222.0,13.4,5.8,0
2021-03-07,226.0,16.6,6.6,0
2021-03-08,173.2,15.1,4.9,0
2021-03-09,221.0,19.5,6.3,0
2021-03-10,221.0,20.1,4.0,0
2021-03-11,243.7,20.0,5.0,0
2021-03-12,236.8,18.2,5.5,0
2021-03-13,206.7,18.0,6.6,0
2021-03-14,185.4,19.6,5.1,0
2021-03-15,301.3,21.5,7.0,0
2021-03-16,242.6,17.8,6.0,0
2021-03-17,208.5,22.0,5.6,0
2021-03-18,263.4,22.6,6.0,0
2021-03-19,234.1,21.8,6.5,0
2021-03-20,241.6,19.7,6.6,0
2021-03-21,192.4,19.0,6.8,0
2021-03-22,188.9,18.8,6.7,0
2021-03-23,236.7,25.1,5.0,0
2021-03-24,175.2,23.4,5.6,0
2021-03-25,180.4,20.4,5.6,0
2021-03-26,268.3,22.0,7.3,0
2021-03-27,215.2,19.3,4.6,0
2021-03-28,247.7,21.6,8.5,0
2021-03-29,254.5,24.3,7.6,0
2021-03-30,205.1,20.8,7.5,0
2021-03-31,283.4,22.4,7.4,0
2021-04-01,208.9,21.9,7.5,0
2021-04-02,237.7,21.7,6.2,0
2021-04-03,205.8,20.8,5.5,0
2021-04-04,171.7,25.2,6.9,0
2021-04-05,184.5,23.6,6.6,0
2021-04-06,227.0,25.0,8.6,0
2021-04-07,212.7,20.9,7.0,0
2021-04-08,229.4,21.7,8.8,0
2021-04-09,235.7,22.6,8.0,0
2021-04-10,184.9,27.5,9.1,0
2021-04-11,193.0,22.4,8.6,0
2021-04-12,170.8,23.8,7.2,0
2021-04-13,224.1,21.0,5.3,0
2021-04-14,190.9,24.9,7.5,0
2021-04-15,165.2,25.2,8.1,0
2021-04-16,199.0,26.8,8.9,0
2021-04-17,203.9,26.8,7.3,0
2021-04-18,189.7,25.0,9.9,0
2021-04-19,204.2,23.4,9.4,0
2021-04-20,193.1,25.7,8.5,0
2021-04-21,190.5,27.4,9.6,0
2021-04-22,213.8,23.0,9.6,0
2021-04-23,137.6,30.7,10.5,0
2021-04-24,180.7,26.5,11.7,0
2021-04-25,156.2,27.1,10.4,0
2021-04-26,191.3,27.6,8.7,0
2021-04-27,223.4,28.5,7.8,0
2021-04-28,158.6,26.2,9.6,0
2021-04-29,171.3,28.6,11.5,0
2021-04-30,227.4,25.1,9.8,0
2021-05-01,179.6,24.6,7.8,0
2021-05-02,139.1,26.0,8.3,0
2021-05-03,154.8,29.0,10.0,0
2021-05-04,170.5,30.9,12.1,0
2021-05-05,202.7,30.5,8.8,0
2021-05-06,186.0,26.7,13.1,0
2021-05-07,247.5,28.7,8.8,0
2021-05-08,188.4,32.4,12.3,0
2021-05-09,176.7,27.6,11.2,0
2021-05-10,173.2,31.6,11.6,0
2021-05-11,122.4,31.0,11.1,0
2021-05-12,173.9,30.9,9.4,0
2021-05-13,211.5,27.7,9.9,0
2021-05-14,213.9,26.9,10.5,0
2021-05-15,166.4,33.5,8.7,0
2021-05-16,163.5,30.4,12.0,0
2021-05-17,167.3,32.4,7.5,0
2021-05-18,169.5,30.9,8.3,0
2021-05-19,145.5,29.3,11.6,0
2021-05-20,184.7,30.8,12.1,0
2021-05-21,188.4,29.9,11.2,0
2021-05-22,172.2,33.5,9.0,0
2021-05-23,108.8,31.3,10.1,0
2021-05-24,209.1,30.7,12.1,0
2021-05-25,205.2,31.9,9.1,0
2021-05-26,195.3,30.2,11.4,0
2021-05-27,206.7,29.5,9.6,0
2021-05-28,172.0,31.1,9.7,0
2021-05-29,154.2,31.1,13.3,0
2021-05-30,144.9,31.8,11.2,0
2021-05-31,205.7,28.4,9.5,0
2021-06-01,156.3,32.2,12.2,0
2021-06-02,178.1,32.0,10.3,0
2021-06-03,175.4,30.5,9.5,0
2021-06-04,152.9,29.8,14.9,0
2021-06-05,135.3,33.2,10.1,0
2021-06-06,154.4,31.8,10.5,0
2021-06-07,209.1,31.9,12.9,0
2021-06-08,163.6,32.3,11.6,0
2021-06-09,132.4,36.6,11.3,0
2021-06-10,149.3,30.5,11.4,0
2021-06-11,120.1,37.2,14.2,0
2021-06-12,166.1,31.9,11.6,0
2021-06-13,138.5,33.5,10.6,0
2021-06-14,138.6,32.2,12.5,0
2021-06-15,134.6,32.5,13.4,0
2021-06-16,149.8,30.8,11.8,0
2021-06-17,149.9,34.8,12.2,0
2021-06-18,157.8,33.7,10.6,0
2021-06-19,137.1,35.7,10.3,0
2021-06-20,155.9,36.0,12.5,0
2021-06-21,165.3,32.9,9.0,0
2021-06-22,171.2,34.8,13.9,0
2021-06-23,143.7,35.3,13.0,0
2021-06-24,176.0,31.8,12.0,0
2021-06-25,137.8,35.6,13.1,0
2021-06-26,123.6,33.8,12.6,0
2021-06-27,149.9,33.4,12.3,0
2021-06-28,141.0,34.1,10.2,0
2021-06-29,155.2,35.0,12.2,0
2021-06-30,155.3,35.6,11.9,0
2021-07-01,112.9,34.6,13.7,0
2021-07-02,101.3,32.3,11.6,0
2021-07-03,81.7,34.2,14.7,0
2021-07-04,88.3,33.2,12.9,0
2021-07-05,93.4,35.4,14.7,0
2021-07-06,101.8,34.2,9.1,0
2021-07-07,59.9,37.5,11.9,0
2021-07-08,101.5,33.9,13.5,0
2021-07-09,94.5,33.2,11.2,0
2021-07-10,103.9,33.6,9.0,0
2021-07-11,102.5,37.5,9.7,0
2021-07-12,92.0,34.8,13.8,0
2021-07-13,82.5,35.3,12.6,0
2021-07-14,90.5,37.4,10.3,0
2021-07-15,107.3,36.0,11.2,0
2021-07-16,59.8,37.8,13.5,0
2021-07-17,62.8,35.3,13.5,0
2021-07-18,63.7,36.4,13.0,0
2021-07-19,101.7,36.7,12.4,0
2021-07-20,73.5,33.1,12.2,0
2021-07-21,118.2,30.4,12.1,0
2021-07-22,92.7,35.5,11.8,0
2021-07-23,105.8,33.1,11.6,0
2021-07-24,85.7,34.0,13.0,0
2021-07-25,73.5,35.5,13.2,0
2021-07-26,100.6,36.2,11.3,0
2021-07-27,103.0,33.5,10.5,0
2021-07-28,79.9,31.0,11.4,0
2021-07-29,77.8,36.3,13.4,0
2021-07-30,105.1,35.6,13.1,0
2021-07-31,73.4,35.1,12.9,0
2021-08-01,68.2,34.8,11.0,0
2021-08-02,100.0,34.7,12.2,0
2021-08-03,91.6,35.1,12.6,0
2021-08-04,76.0,39.9,8.9,0
2021-08-05,95.1,37.4,11.1,0
2021-08-06,63.4,34.9,14.7,0
2021-08-07,54.1,36.8,14.2,0
2021-08-08,78.2,35.8,10.1,0
2021-08-09,102.6,33.7,7.9,0
2021-08-10,89.5,34.4,13.7,0
2021-08-11,78.9,38.6,11.6,0
2021-08-12,60.9,33.6,10.7,0
2021-08-13,102.4,33.5,8.2,0
2021-08-14,76.9,31.4,10.0,0
2021-08-15,91.5,33.3,11.3,0
2021-08-16,124.5,32.5,11.9,0
2021-08-17,78.2,34.3,10.9,0
2021-08-18,96.6,33.1,9.8,0
2021-08-19,96.9,33.6,7.9,0
2021-08-20,79.3,35.5,10.5,0
2021-08-21,100.4,30.4,8.2,0
2021-08-22,95.6,32.7,12.1,0
2021-08-23,91.6,34.8,10.1,0
2021-08-24,99.7,31.7,9.8,0
2021-08-25,90.1,31.1,7.5,0
2021-08-26,80.0,32.1,13.1,0
2021-08-27,106.8,33.6,10.5,0
2021-08-28,52.9,34.8,12.4,0
2021-08-29,82.8,32.8,11.8,0
2021-08-30,80.5,33.5,10.7,0
2021-08-31,135.5,28.7,9.6,0
2021-09-01,159.3,31.0,7.5,0
2021-09-02,138.6,33.6,12.3,0
2021-09-03,114.4,33.4,13.1,0
2021-09-04,125.8,29.7,8.7,0
2021-09-05,125.5,34.3,11.0,0
2021-09-06,112.9,27.7,9.1,0
2021-09-07,143.9,33.6,12.5,0
2021-09-08,132.1,29.1,12.3,0
2021-09-09,139.0,28.5,8.6,0
2021-09-10,114.5,30.9,9.7,0
2021-09-11,110.8,33.1,9.7,0
2021-09-12,100.1,32.7,8.1,0
2021-09-13,121.7,32.9,12.6,0
2021-09-14,146.1,30.1,8.0,0
2021-09-15,151.2,29.1,9.5,0
2021-09-16,113.7,27.7,9.0,0
2021-09-17,148.3,29.1,9.4,0
2021-09-18,98.6,30.1,10.8,0
2021-09-19,97.3,26.5,10.2,0
2021-09-20,176.7,29.7,7.6,0
2021-09-21,166.9,29.7,8.9,0
2021-09-22,127.8,26.9,7.9,0
2021-09-23,156.5,27.1,9.2,0
2021-09-24,146.2,30.6,6.3,0
2021-09-25,174.2,26.3,8.7,0
2021-09-26,160.1,28.9,10.3,0
2021-09-27,121.4,30.5,8.2,0
2021-09-28,121.2,28.0,7.9,0
2021-09-29,178.4,28.4,9.1,0
2021-09-30,135.7,27.0,9.1,0
2021-10-01,200.0,29.3,8.4,0
2021-10-02,218.8,27.3,9.1,0
2021-10-03,194.2,29.3,6.3,0
2021-10-04,245.1,28.3,7.3,0
2021-10-05,227.1,22.0,12.4,0
2021-10-06,247.9,29.1,7.7,0
2021-10-07,223.9,29.5,9.9,0
2021-10-08,303.3,26.1,9.6,0
2021-10-09,202.3,26.6,11.0,0
2021-10-10,199.2,27.9,9.6,0
2021-10-11,222.9,24.4,9.6,0
2021-10-12,230.5,23.9,6.8,0
2021-10-13,257.4,27.2,8.5,0
2021-10-14,262.8,26.2,6.8,0
2021-10-15,320.0,27.5,8.5,1
2021-10-16,279.0,24.9,6.2,1
2021-10-17,254.1,23.3,7.2,1
2021-10-18,328.0,20.9,7.7,1
2021-10-19,292.9,22.8,7.1,1
2021-10-20,309.8,21.1,6.1,1
2021-10-21,353.6,22.3,7.0,1
2021-10-22,360.7,23.4,4.1,1
2021-10-23,336.3,21.3,4.6,1
2021-10-24,322.1,17.6,7.3,1
2021-10-25,345.1,25.9,5.3,1
2021-10-26,321.3,24.2,7.6,1
2021-10-27,332.3,28.6,5.7,1
2021-10-28,313.5,21.6,6.1,1
2021-10-29,304.2,23.1,5.8,1
2021-10-30,303.3,21.9,6.9,1
2021-10-31,262.6,20.7,6.2,1
2021-11-01,463.8,21.3,7.8,1
2021-11-02,500.0,22.5,6.1,1
2021-11-03,500.0,22.5,5.5,1
2021-11-04,500.0,21.5,7.8,1
2021-11-05,500.0,21.8,6.5,1
2021-11-06,427.9,20.8,6.0,1
2021-11-07,364.5,15.6,6.1,1
2021-11-08,468.8,20.7,5.3,1
2021-11-09,447.1,23.4,5.5,1
2021-11-10,437.4,21.8,7.5,1
2021-11-11,425.3,22.6,8.3,1
2021-11-12,500.0,19.7,4.5,1
2021-11-13,420.6,23.5,4.6,1
2021-11-14,401.6,19.9,4.9,1
2021-11-15,372.8,16.6,5.8,1
2021-11-16,356.1,17.6,5.3,0
2021-11-17,500.0,14.6,5.3,0
2021-11-18,384.0,21.2,5.5,0
2021-11-19,342.2,19.5,6.3,0
2021-11-20,386.4,21.6,6.5,0
2021-11-21,389.5,20.1,5.4,0
2021-11-22,372.9,20.2,4.8,0
2021-11-23,336.9,19.1,7.6,0
2021-11-24,406.5,15.8,5.4,0
2021-11-25,389.0,19.0,5.5,0
2021-11-26,364.4,21.5,2.7,0
2021-11-27,363.9,18.2,2.6,0
2021-11-28,369.7,21.6,5.0,0
2021-11-29,390.8,15.6,4.0,0
2021-11-30,424.1,17.4,6.8,0
2021-12-01,381.4,15.7,5.2,0
2021-12-02,308.2,20.0,7.2,0
2021-12-03,356.8,16.0,2.9,0
2021-12-04,319.2,18.5,6.2,0
2021-12-05,296.9,16.8,4.9,0
2021-12-06,367.3,21.5,2.3,0
2021-12-07,346.4,21.2,4.6,0
2021-12-08,418.3,16.4,4.3,0
2021-12-09,303.6,12.6,6.9,0
2021-12-10,387.5,16.3,3.9,0
2021-12-11,406.7,13.6,5.2,0
2021-12-12,308.0,14.0,4.7,0
2021-12-13,334.2,17.4,4.5,0
2021-12-14,345.9,17.5,7.1,0
2021-12-15,325.8,17.8,2.4,0
2021-12-16,369.9,17.3,6.6,0
2021-12-17,312.4,15.6,4.3,0
2021-12-18,308.5,17.4,5.6,0
2021-12-19,314.8,15.1,4.7,0
2021-12-20,345.3,15.9,7.4,0
2021-12-21,397.1,15.2,3.2,0
2021-12-22,420.3,15.5,3.2,0
2021-12-23,285.3,18.6,3.3,0
2021-12-24,395.5,17.7,3.1,0
2021-12-25,289.3,11.7,5.5,0
2021-12-26,294.1,17.1,4.1,0
2021-12-27,367.1,14.7,5.1,0
2021-12-28,291.2,16.7,7.0,0
2021-12-29,322.4,18.7,4.2,0
2021-12-30,406.7,12.7,3.8,0
2021-12-31,300.0,15.1,6.3,0
2022-01-01,371.1,15.3,2.2,0
2022-01-02,248.7,17.0,3.4,0
2022-01-03,402.1,15.6,4.7,0
2022-01-04,416.7,17.7,2.4,0
2022-01-05,403.8,17.5,1.3,0
2022-01-06,403.8,14.1,3.9,0
2022-01-07,392.4,14.1,3.0,0
2022-01-08,386.5,12.9,2.4,0
2022-01-09,371.7,12.8,5.0,0
2022-01-10,446.6,11.6,3.0,0
2022-01-11,411.8,13.1,3.3,0
2022-01-12,359.7,16.6,3.6,0
2022-01-13,418.8,17.9,6.6,0
2022-01-14,353.7,15.2,2.8,0
2022-01-15,404.5,16.0,4.7,0
2022-01-16,397.6,16.3,1.8,0
2022-01-17,402.3,13.0,3.5,0
2022-01-18,395.7,19.0,8.7,0
2022-01-19,424.0,14.7,4.9,0
2022-01-20,391.1,14.4,6.8,0
2022-01-21,401.1,16.0,5.1,0
2022-01-22,330.1,16.8,3.2,0
2022-01-23,384.4,12.9,4.8,0
2022-01-24,378.7,16.0,6.6,0
2022-01-25,371.7,16.5,2.5,0
2022-01-26,368.3,16.6,5.4,0
2022-01-27,376.7,15.1,1.9,0
2022-01-28,403.1,17.0,5.1,0
2022-01-29,325.4,15.4,4.3,0
2022-01-30,367.1,16.7,4.9,0
2022-01-31,443.1,14.3,1.1,0
2022-02-01,361.0,14.5,3.0,0
2022-02-02,350.6,14.7,5.9,0
2022-02-03,378.3,16.9,2.3,0
2022-02-04,336.2,16.1,3.8,0
2022-02-05,270.4,12.1,5.0,0
2022-02-06,347.6,13.0,2.2,0
2022-02-07,306.2,14.5,6.8,0
2022-02-08,384.5,12.4,2.9,0
2022-02-09,337.9,15.6,3.7,0
2022-02-10,377.0,17.0,6.3,0
2022-02-11,319.9,15.3,2.6,0
2022-02-12,270.5,16.7,3.2,0
2022-02-13,299.6,16.9,4.6,0
2022-02-14,297.5,14.8,4.4,0
2022-02-15,253.5,18.2,6.3,0
2022-02-16,312.4,14.6,2.6,0
2022-02-17,299.4,16.4,2.7,0
2022-02-18,332.2,14.7,5.2,0
2022-02-19,281.2,15.3,5.2,0
2022-02-20,336.9,16.3,7.5,0
2022-02-21,357.3,14.4,6.3,0
2022-02-22,383.4,14.8,6.3,0
2022-02-23,370.4,14.9,3.8,0
2022-02-24,335.5,17.8,6.0,0
2022-02-25,367.9,18.2,3.3,0
2022-02-26,291.9,19.8,5.0,0
2022-02-27,317.4,14.6,6.1,0
2022-02-28,308.3,17.6,7.1,0
2022-03-01,249.0,19.0,3.9,0
2022-03-02,236.6,17.6,5.9,0
2022-03-03,232.1,17.8,6.8,0
2022-03-04,283.0,15.0,8.2,0
2022-03-05,213.0,15.8,6.7,0
2022-03-06,216.2,19.0,6.2,0
2022-03-07,225.1,17.0,4.8,0
2022-03-08,228.1,17.1,5.7,0
2022-03-09,221.2,20.2,8.1,0
2022-03-10,254.9,19.5,6.7,0
2022-03-11,254.5,19.3,7.1,0
2022-03-12,244.5,16.8,7.4,0
2022-03-13,240.7,17.9,6.2,0
2022-03-14,305.0,19.2,7.8,0
2022-03-15,258.6,18.2,4.2,0
2022-03-16,281.2,21.3,6.0,0
2022-03-17,226.6,17.3,7.4,0
2022-03-18,207.7,23.6,9.4,0
2022-03-19,207.9,19.2,7.8,0
2022-03-20,170.8,20.4,6.6,0
2022-03-21,229.3,20.6,5.6,0
2022-03-22,262.8,23.7,4.8,0
2022-03-23,263.3,20.4,6.4,0
2022-03-24,262.8,21.8,7.7,0
2022-03-25,212.0,20.6,6.0,0
2022-03-26,239.0,19.8,11.4,0
2022-03-27,237.1,18.9,5.1,0
2022-03-28,226.8,22.8,7.9,0
2022-03-29,238.6,21.7,7.7,0
2022-03-30,220.7,17.6,6.9,0
2022-03-31,234.7,22.6,11.8,0
2022-04-01,211.9,21.8,8.8,0
2022-04-02,224.3,23.4,8.4,0
2022-04-03,165.1,20.5,8.2,0
2022-04-04,193.6,24.0,6.2,0
2022-04-05,220.3,22.5,9.1,0
2022-04-06,187.6,20.7,7.8,0
2022-04-07,197.7,20.9,7.5,0
2022-04-08,158.4,28.4,8.5,0
2022-04-09,223.4,22.6,9.5,0
2022-04-10,232.2,20.7,5.2,0
2022-04-11,213.5,24.9,6.8,0
2022-04-12,213.9,19.0,8.1,0
2022-04-13,200.9,26.3,6.7,0
2022-04-14,178.0,22.8,8.7,0
2022-04-15,217.4,24.0,6.8,0
2022-04-16,176.9,26.7,8.1,0
2022-04-17,181.7,22.2,8.0,0
2022-04-18,226.7,30.5,6.9,0
2022-04-19,232.9,27.5,9.0,0
2022-04-20,191.0,26.4,9.3,0
2022-04-21,171.8,28.3,10.4,0
2022-04-22,179.7,23.3,8.5,0
2022-04-23,160.5,26.0,10.7,0
2022-04-24,192.4,26.2,9.0,0
2022-04-25,206.7,22.0,8.1,0
2022-04-26,146.1,29.1,8.3,0
2022-04-27,164.2,28.1,8.2,0
2022-04-28,179.7,25.7,8.9,0
2022-04-29,224.5,22.8,10.6,0
2022-04-30,169.8,28.6,7.6,0
2022-05-01,194.2,27.5,10.3,0
2022-05-02,214.1,26.2,9.6,0
2022-05-03,213.1,30.7,10.6,0
2022-05-04,204.7,28.2,11.7,0
2022-05-05,214.3,26.4,11.8,0
2022-05-06,209.7,27.4,9.0,0
2022-05-07,183.8,29.4,10.1,0
2022-05-08,173.7,32.0,11.5,0
2022-05-09,209.0,30.7,8.4,0
2022-05-10,171.8,32.6,9.6,0
2022-05-11,183.6,27.8,8.4,0
2022-05-12,203.6,28.5,8.0,0
2022-05-13,235.2,31.2,8.8,0
2022-05-14,155.9,30.6,11.8,0
2022-05-15,197.5,31.4,8.6,0
2022-05-16,163.3,30.2,11.2,0
2022-05-17,171.7,28.2,11.3,0
2022-05-18,219.6,31.1,8.4,0
2022-05-19,211.5,27.9,11.3,0
2022-05-20,200.3,29.1,11.4,0
2022-05-21,134.7,29.5,9.1,0
2022-05-22,180.3,31.5,8.3,0
2022-05-23,183.6,30.4,11.7,0
2022-05-24,199.2,30.4,11.8,0
2022-05-25,151.1,31.8,11.5,0
2022-05-26,161.9,32.8,11.8,0
2022-05-27,189.1,31.0,10.8,0
2022-05-28,189.5,32.2,13.1,0
2022-05-29,202.8,29.1,11.9,0
2022-05-30,235.7,32.6,12.7,0
2022-05-31,212.5,34.0,11.5,0
2022-06-01,149.2,32.4,11.2,0
2022-06-02,187.5,35.3,9.9,0
2022-06-03,168.1,33.3,9.1,0
2022-06-04,160.4,28.2,12.2,0
2022-06-05,177.9,31.4,11.5,0
2022-06-06,192.5,31.6,9.7,0
2022-06-07,170.9,36.7,11.4,0
2022-06-08,143.8,35.6,10.3,0
2022-06-09,156.9,35.4,14.0,0
2022-06-10,138.8,31.3,14.4,0
2022-06-11,167.2,32.5,12.0,0
2022-06-12,142.3,35.0,12.2,0
2022-06-13,98.6,33.5,12.4,0
2022-06-14,129.6,32.9,12.0,0
2022-06-15,190.2,34.3,11.3,0
2022-06-16,147.3,36.8,11.0,0
2022-06-17,159.3,33.6,11.0,0
2022-06-18,154.7,32.3,10.0,0
2022-06-19,154.4,35.2,10.5,0
2022-06-20,170.9,32.7,12.1,0
2022-06-21,140.1,34.0,12.5,0
2022-06-22,138.0,33.7,11.5,0
2022-06-23,148.2,33.8,9.5,0
2022-06-24,148.8,33.7,11.5,0
2022-06-25,150.3,34.2,12.6,0
2022-06-26,121.7,33.1,10.1,0
2022-06-27,138.2,33.5,11.4,0
2022-06-28,161.0,31.9,11.2,0
2022-06-29,143.0,35.7,11.1,0
2022-06-30,136.4,32.7,11.9,0
2022-07-01,96.1,35.8,9.3,0
2022-07-02,118.5,35.3,12.2,0
2022-07-03,86.2,35.4,10.5,0
2022-07-04,89.7,31.2,11.9,0
2022-07-05,93.7,36.6,11.2,0
2022-07-06,86.7,33.6,14.6,0
2022-07-07,94.4,38.5,13.2,0
2022-07-08,65.4,35.6,12.6,0
2022-07-09,81.4,34.4,13.3,0
2022-07-10,111.0,32.1,11.9,0
2022-07-11,106.0,37.4,11.9,0
2022-07-12,89.8,34.2,9.4,0
2022-07-13,88.6,38.1,11.6,0
2022-07-14,113.0,34.4,14.8,0
2022-07-15,94.0,39.4,11.7,0
2022-07-16,68.0,32.0,14.2,0
2022-07-17,80.0,35.4,10.3,0
2022-07-18,92.8,33.3,11.1,0
2022-07-19,78.3,33.9,13.2,0
2022-07-20,83.2,35.4,13.8,0
2022-07-21,116.0,33.5,11.6,0
2022-07-22,104.4,35.3,11.1,0
2022-07-23,90.6,32.7,12.9,0
2022-07-24,77.0,34.3,10.6,0
2022-07-25,80.7,36.0,13.7,0
2022-07-26,94.2,35.8,8.7,0
2022-07-27,86.3,34.8,10.5,0
2022-07-28,94.6,33.5,12.3,0
2022-07-29,102.4,30.3,8.6,0
2022-07-30,87.5,35.7,7.7,0
2022-07-31,76.6,33.6,13.8,0
2022-08-01,56.2,35.4,11.9,0
2022-08-02,89.6,36.1,12.0,0
2022-08-03,105.0,42.4,8.5,0
2022-08-04,85.5,33.9,12.1,0
2022-08-05,94.3,33.6,10.8,0
2022-08-06,73.0,31.4,12.7,0
2022-08-07,96.4,32.1,10.9,0
2022-08-08,77.7,33.2,12.1,0
2022-08-09,106.7,35.7,12.5,0
2022-08-10,86.7,33.8,12.5,0
2022-08-11,96.2,36.7,10.3,0
2022-08-12,89.8,33.6,11.3,0
2022-08-13,79.8,34.4,11.2,0
2022-08-14,79.7,37.0,12.8,0
2022-08-15,105.7,32.8,9.9,0
2022-08-16,72.5,35.4,13.4,0
2022-08-17,90.6,33.1,8.7,0
2022-08-18,96.3,35.5,10.4,0
2022-08-19,73.6,33.0,11.6,0
2022-08-20,87.9,33.5,6.6,0
2022-08-21,89.1,29.9,12.8,0
2022-08-22,70.5,34.0,13.3,0
2022-08-23,78.6,36.5,12.3,0
2022-08-24,80.6,35.2,9.2,0
2022-08-25,80.9,31.6,10.0,0
2022-08-26,93.2,35.1,10.4,0
2022-08-27,92.9,31.4,8.0,0
2022-08-28,71.1,28.6,10.6,0
2022-08-29,84.2,36.3,12.0,0
2022-08-30,99.0,34.8,9.3,0
2022-08-31,107.9,32.5,10.9,0
2022-09-01,103.2,33.4,10.9,0
2022-09-02,142.4,29.9,10.2,0
2022-09-03,142.6,29.5,14.0,0
2022-09-04,117.7,32.8,10.4,0
2022-09-05,145.6,29.6,10.4,0
2022-09-06,138.2,28.9,10.7,0
2022-09-07,140.3,27.4,8.8,0
2022-09-08,107.0,34.8,10.9,0
2022-09-09,164.0,31.9,7.7,0
2022-09-10,149.3,29.9,9.8,0
2022-09-11,125.1,28.1,7.8,0
2022-09-12,91.1,32.6,7.6,0
2022-09-13,162.6,29.5,10.6,0
2022-09-14,165.7,29.3,9.1,0
2022-09-15,152.5,26.3,9.1,0
2022-09-16,143.5,30.8,8.8,0
2022-09-17,145.5,24.8,8.5,0
2022-09-18,138.6,27.7,9.5,0
2022-09-19,126.1,28.8,9.6,0
2022-09-20,145.1,28.9,10.2,0
2022-09-21,158.3,28.0,9.6,0
2022-09-22,140.2,24.9,10.9,0
2022-09-23,114.0,29.7,10.9,0
2022-09-24,120.9,27.3,8.6,0
2022-09-25,120.0,32.0,7.7,0
2022-09-26,142.8,28.8,7.1,0
2022-09-27,145.2,28.8,8.4,0
2022-09-28,160.3,27.0,6.5,0
2022-09-29,146.3,31.4,8.8,0
2022-09-30,182.0,29.1,6.8,0
2022-10-01,187.2,27.9,11.0,0
2022-10-02,219.7,31.0,9.7,0
2022-10-03,272.0,27.7,8.1,0
2022-10-04,212.0,27.3,5.4,0
2022-10-05,235.6,26.5,8.8,0
2022-10-06,246.0,29.1,5.3,0
2022-10-07,238.5,22.9,9.3,0
2022-10-08,251.6,27.2,6.8,0
2022-10-09,207.8,28.3,8.9,0
2022-10-10,265.6,27.2,6.9,0
2022-10-11,210.3,29.1,9.5,0
2022-10-12,261.1,26.4,5.9,0
2022-10-13,213.2,26.4,5.0,0
2022-10-14,208.6,24.8,7.2,0
2022-10-15,256.9,25.9,8.0,1
2022-10-16,286.7,23.5,5.9,1
2022-10-17,281.3,25.8,7.0,1
2022-10-18,285.4,26.1,7.6,1
2022-10-19,311.9,24.6,6.7,1
2022-10-20,308.1,24.2,7.8,1
2022-10-21,318.1,26.0,5.7,1
2022-10-22,288.4,23.4,6.2,1
2022-10-23,496.9,24.7,7.8,1
2022-10-24,490.3,22.2,6.9,1
2022-10-25,454.2,17.6,6.4,1
2022-10-26,333.7,20.0,8.9,1
2022-10-27,285.4,22.8,6.6,1
2022-10-28,299.4,20.2,6.2,1
2022-10-29,290.3,25.9,5.4,1
2022-10-30,273.4,20.3,5.1,1
2022-10-31,347.0,24.0,4.8,1
2022-11-01,454.8,24.2,4.8,1
2022-11-02,464.6,24.9,4.7,1
2022-11-03,500.0,21.5,7.7,1
2022-11-04,401.6,21.2,3.6,1
2022-11-05,353.0,25.2,7.3,1
2022-11-06,454.6,23.3,7.0,1
2022-11-07,444.0,21.9,4.7,1
2022-11-08,447.3,22.3,5.5,1
2022-11-09,500.0,22.8,8.5,1
2022-11-10,487.4,17.4,8.7,1
2022-11-11,500.0,19.1,4.3,1
2022-11-12,446.4,18.9,6.9,1
2022-11-13,478.2,21.0,4.5,1
2022-11-14,425.1,19.8,6.5,1
2022-11-15,500.0,20.0,4.1,1
2022-11-16,412.7,18.8,4.3,0
2022-11-17,481.6,19.9,8.0,0
2022-11-18,409.7,18.1,5.5,0
2022-11-19,352.2,17.9,6.4,0
2022-11-20,325.2,17.2,5.0,0
2022-11-21,400.5,21.3,8.2,0
2022-11-22,453.3,19.3,5.5,0
2022-11-23,408.7,21.2,5.1,0
2022-11-24,458.6,20.1,3.5,0
2022-11-25,333.8,22.1,6.9,0
2022-11-26,336.0,14.6,6.2,0
2022-11-27,330.8,19.0,7.3,0
2022-11-28,342.0,17.5,5.4,0
2022-11-29,390.3,16.6,5.0,0
2022-11-30,394.6,19.2,9.1,0
2022-12-01,291.0,16.2,7.0,0
2022-12-02,353.8,15.0,3.9,0
2022-12-03,339.0,16.4,4.7,0
2022-12-04,302.8,19.7,4.9,0
2022-12-05,293.2,19.4,3.5,0
2022-12-06,319.8,19.7,6.4,0
2022-12-07,378.3,16.4,3.2,0
2022-12-08,395.0,20.6,5.6,0
2022-12-09,402.5,18.6,4.6,0
2022-12-10,304.0,18.4,6.7,0
2022-12-11,343.1,13.3,6.1,0
2022-12-12,467.6,16.1,4.1,0
2022-12-13,370.3,15.3,3.1,0
2022-12-14,376.7,18.9,7.8,0
2022-12-15,357.8,13.9,7.3,0
2022-12-16,403.0,14.6,2.7,0
2022-12-17,375.6,16.7,4.8,0
2022-12-18,308.4,14.6,6.3,0
2022-12-19,316.6,20.4,5.2,0
2022-12-20,350.8,12.0,5.4,0
2022-12-21,402.1,15.6,5.4,0
2022-12-22,422.3,18.3,2.4,0
2022-12-23,325.1,14.6,1.0,0
2022-12-24,331.1,16.2,2.7,0
2022-12-25,312.8,16.3,3.9,0
2022-12-26,283.3,13.1,4.1,0
2022-12-27,359.9,14.2,2.7,0
2022-12-28,425.9,15.1,5.5,0
2022-12-29,328.4,13.2,7.1,0
2022-12-30,461.8,15.7,4.8,0
2022-12-31,395.5,14.3,1.4,0
2023-01-01,305.2,13.6,3.5,0
2023-01-02,410.9,14.5,2.8,0
2023-01-03,422.6,15.4,3.0,0
2023-01-04,423.3,15.7,1.2,0
2023-01-05,377.7,15.5,6.1,0
2023-01-06,415.5,13.5,3.7,0
2023-01-07,340.1,13.6,3.3,0
2023-01-08,357.6,12.8,2.9,0
2023-01-09,371.6,17.5,4.5,0
2023-01-10,395.1,13.4,5.6,0
2023-01-11,400.9,13.6,5.4,0
2023-01-12,360.3,13.4,3.9,0
2023-01-13,376.4,20.3,4.8,0
2023-01-14,334.9,15.9,6.1,0
2023-01-15,336.6,13.8,5.3,0
2023-01-16,451.2,12.9,2.1,0
2023-01-17,370.2,15.3,3.2,0
2023-01-18,315.5,16.6,3.6,0
2023-01-19,421.1,15.7,5.9,0
2023-01-20,384.1,13.9,6.0,0
2023-01-21,280.2,17.5,4.9,0
2023-01-22,361.1,18.6,4.2,0
2023-01-23,426.9,12.4,4.9,0
2023-01-24,390.4,19.0,6.2,0
2023-01-25,356.8,12.1,4.4,0
2023-01-26,372.7,15.6,2.4,0
2023-01-27,358.4,14.2,3.4,0
2023-01-28,247.3,15.0,4.6,0
2023-01-29,344.5,10.5,3.7,0
2023-01-30,379.8,15.7,3.2,0
2023-01-31,422.5,15.6,3.2,0
2023-02-01,323.3,15.8,5.1,0
2023-02-02,297.2,19.7,5.2,0
2023-02-03,331.1,17.2,1.9,0
2023-02-04,282.1,16.2,4.6,0
2023-02-05,303.6,13.6,3.2,0
2023-02-06,224.3,13.5,7.1,0
2023-02-07,341.3,15.1,4.7,0
2023-02-08,270.6,14.0,6.2,0
2023-02-09,358.9,14.8,5.5,0
2023-02-10,283.9,13.2,8.6,0
2023-02-11,283.8,13.4,5.4,0
2023-02-12,242.4,15.1,5.6,0
2023-02-13,367.4,12.8,3.8,0
2023-02-14,359.9,15.2,7.2,0
2023-02-15,328.8,17.0,5.3,0
2023-02-16,312.5,16.8,4.3,0
2023-02-17,371.6,14.4,1.6,0
2023-02-18,304.0,17.0,4.9,0
2023-02-19,288.3,15.1,3.5,0
2023-02-20,225.3,19.6,3.3,0
2023-02-21,254.2,15.9,6.8,0
2023-02-22,414.1,14.7,5.5,0
2023-02-23,340.2,14.5,3.1,0
2023-02-24,258.8,19.7,4.3,0
2023-02-25,343.9,18.3,6.2,0
2023-02-26,275.7,18.8,6.5,0
2023-02-27,289.7,22.5,4.8,0
2023-02-28,250.9,21.3,3.2,0
2023-03-01,235.5,18.1,5.5,0
2023-03-02,243.8,20.0,4.2,0
2023-03-03,244.1,17.4,4.2,0
2023-03-04,223.2,19.9,8.8,0
2023-03-05,228.2,13.3,5.6,0
2023-03-06,270.7,20.3,6.0,0
2023-03-07,221.2,19.4,8.1,0
2023-03-08,220.7,19.0,7.1,0
2023-03-09,223.8,17.3,5.0,0
2023-03-10,202.3,20.1,3.2,0
2023-03-11,219.2,22.9,4.9,0
2023-03-12,203.4,16.3,6.2,0
2023-03-13,269.5,16.3,8.2,0
2023-03-14,285.5,19.4,7.7,0
2023-03-15,238.5,21.2,7.0,0
2023-03-16,228.7,21.2,5.8,0
2023-03-17,226.9,20.9,5.7,0
2023-03-18,182.6,20.2,8.2,0
2023-03-19,228.1,21.8,7.7,0
2023-03-20,259.1,18.9,4.0,0
2023-03-21,211.6,21.0,8.2,0
2023-03-22,225.6,22.3,8.3,0
2023-03-23,209.2,21.8,7.4,0
2023-03-24,226.6,22.2,9.3,0
2023-03-25,175.3,18.3,5.9,0
2023-03-26,192.4,24.0,8.1,0
2023-03-27,222.6,18.7,5.8,0
2023-03-28,267.6,22.0,7.2,0
2023-03-29,208.1,20.5,4.9,0
2023-03-30,226.1,22.0,6.2,0
2023-03-31,212.6,21.3,8.8,0
2023-04-01,166.5,21.6,8.5,0
2023-04-02,179.9,23.4,7.9,0
2023-04-03,247.6,20.5,9.4,0
2023-04-04,201.5,22.9,6.0,0
2023-04-05,192.9,25.0,6.7,0
2023-04-06,208.5,23.9,9.5,0
2023-04-07,204.1,25.0,7.2,0
2023-04-08,200.0,22.1,9.1,0
2023-04-09,171.9,24.9,7.4,0
2023-04-10,214.6,27.5,7.5,0
2023-04-11,163.1,24.8,7.6,0
2023-04-12,234.4,24.7,8.3,0
2023-04-13,195.9,22.7,11.6,0
2023-04-14,201.1,25.4,7.4,0
2023-04-15,148.5,25.7,9.7,0
2023-04-16,180.6,27.8,9.0,0
2023-04-17,197.2,24.7,7.1,0
2023-04-18,214.0,25.7,6.5,0
2023-04-19,166.6,27.5,7.5,0
2023-04-20,184.8,25.0,8.7,0
2023-04-21,157.4,25.7,9.1,0
2023-04-22,204.6,23.5,4.7,0
2023-04-23,142.7,26.2,10.5,0
2023-04-24,174.5,26.4,9.3,0
2023-04-25,218.5,23.4,11.6,0
2023-04-26,175.6,25.9,9.9,0
2023-04-27,145.0,24.8,11.9,0
2023-04-28,225.5,26.4,9.3,0
2023-04-29,171.5,29.0,6.8,0
2023-04-30,181.3,27.4,9.0,0
2023-05-01,213.7,24.7,8.8,0
2023-05-02,186.2,29.0,9.7,0
2023-05-03,193.8,27.6,10.7,0
2023-05-04,166.4,25.9,7.8,0
2023-05-05,184.6,31.1,10.9,0
2023-05-06,202.5,27.4,8.9,0
2023-05-07,196.1,32.3,8.9,0
2023-05-08,230.8,28.7,9.5,0
2023-05-09,198.0,28.8,10.4,0
2023-05-10,182.7,25.7,10.4,0
2023-05-11,185.6,26.3,9.3,0
2023-05-12,173.5,31.3,8.5,0
2023-05-13,161.8,29.9,8.2,0
2023-05-14,166.6,26.3,11.6,0
2023-05-15,169.7,29.7,11.6,0
2023-05-16,169.4,29.3,8.7,0
2023-05-17,185.2,28.2,9.6,0
2023-05-18,199.9,30.8,9.1,0
2023-05-19,169.9,31.3,9.8,0
2023-05-20,174.9,30.6,10.2,0
2023-05-21,150.1,33.8,10.7,0
2023-05-22,158.4,29.0,9.4,0
2023-05-23,205.4,32.8,7.3,0
2023-05-24,170.2,29.3,10.0,0
2023-05-25,202.1,34.1,10.8,0
2023-05-26,153.2,33.9,11.1,0
2023-05-27,159.5,31.0,9.8,0
2023-05-28,176.8,31.4,10.7,0
2023-05-29,194.7,32.8,10.8,0
2023-05-30,168.6,30.7,13.0,0
2023-05-31,178.0,34.3,8.9,0
2023-06-01,170.6,31.4,11.5,0
2023-06-02,131.7,29.7,9.5,0
2023-06-03,110.8,35.0,11.7,0
2023-06-04,127.5,31.5,13.0,0
2023-06-05,134.7,31.9,10.1,0
2023-06-06,121.5,35.0,13.8,0
2023-06-07,159.9,35.6,10.6,0
2023-06-08,140.6,35.7,11.2,0
2023-06-09,176.2,34.6,9.8,0
2023-06-10,124.7,33.4,10.6,0
2023-06-11,135.3,30.4,10.7,0
2023-06-12,163.2,31.2,11.5,0
2023-06-13,131.4,32.9,12.6,0
2023-06-14,178.0,35.5,11.8,0
2023-06-15,135.2,38.4,10.9,0
2023-06-16,175.0,33.2,12.5,0
2023-06-17,130.7,32.4,12.3,0
2023-06-18,120.6,35.0,14.0,0
2023-06-19,133.8,30.6,12.9,0
2023-06-20,152.1,33.7,12.9,0
2023-06-21,91.2,33.8,10.9,0
2023-06-22,178.2,35.5,11.4,0
2023-06-23,170.8,35.0,11.0,0
2023-06-24,151.1,36.6,11.5,0
2023-06-25,143.1,33.2,12.1,0
2023-06-26,136.1,35.9,12.8,0
2023-06-27,133.0,36.6,11.7,0
2023-06-28,126.5,33.4,14.8,0
2023-06-29,157.6,37.1,10.2,0
2023-06-30,126.7,35.2,14.4,0
2023-07-01,106.8,32.8,11.8,0
2023-07-02,95.3,32.9,8.1,0
2023-07-03,106.2,36.6,10.4,0
2023-07-04,107.5,32.7,11.8,0
2023-07-05,113.2,32.4,12.3,0
2023-07-06,115.8,35.8,10.9,0
2023-07-07,110.3,36.2,9.2,0
2023-07-08,95.6,33.7,12.3,0
2023-07-09,108.8,33.8,9.5,0
2023-07-10,101.8,37.3,11.9,0
2023-07-11,91.6,34.2,12.1,0
2023-07-12,75.4,34.3,12.5,0
2023-07-13,118.4,34.5,12.5,0
2023-07-14,103.3,32.7,12.8,0
2023-07-15,97.0,31.2,12.6,0
2023-07-16,84.4,36.2,11.9,0
2023-07-17,101.4,35.3,9.4,0
2023-07-18,131.8,34.3,10.9,0
2023-07-19,98.4,37.5,10.2,0
2023-07-20,95.3,37.9,9.7,0
2023-07-21,102.8,35.2,10.0,0
2023-07-22,69.7,37.2,14.2,0
2023-07-23,86.7,39.9,8.8,0
2023-07-24,89.7,32.1,12.0,0
2023-07-25,80.6,35.9,11.7,0
2023-07-26,94.7,33.3,14.8,0
2023-07-27,93.7,31.4,12.7,0
2023-07-28,107.2,34.8,13.0,0
2023-07-29,78.1,33.1,11.8,0
2023-07-30,82.0,35.9,11.4,0
2023-07-31,119.2,34.2,11.6,0
2023-08-01,73.4,39.4,12.3,0
2023-08-02,89.5,31.4,10.6,0
2023-08-03,108.3,33.1,10.8,0
2023-08-04,74.5,34.6,11.8,0
2023-08-05,64.9,36.8,11.3,0
2023-08-06,72.4,31.2,11.5,0
2023-08-07,56.4,37.7,14.3,0
2023-08-08,78.3,32.0,11.1,0
2023-08-09,88.8,34.6,11.0,0
2023-08-10,98.5,36.2,9.9,0
2023-08-11,99.9,32.6,14.6,0
2023-08-12,65.5,33.8,9.9,0
2023-08-13,83.4,35.7,11.3,0
2023-08-14,66.0,38.2,10.2,0
2023-08-15,68.8,34.1,13.0,0
2023-08-16,59.8,33.7,13.3,0
2023-08-17,89.2,34.0,10.4,0
2023-08-18,70.6,34.9,11.5,0
2023-08-19,76.5,32.4,13.2,0
2023-08-20,82.7,35.0,11.4,0
2023-08-21,101.1,32.4,9.9,0
2023-08-22,80.2,35.4,9.6,0
2023-08-23,89.4,32.7,13.4,0
2023-08-24,89.2,30.3,10.7,0
2023-08-25,88.5,30.4,10.7,0
2023-08-26,98.2,32.0,10.2,0
2023-08-27,78.9,31.8,10.8,0
2023-08-28,91.3,31.4,10.8,0
2023-08-29,89.9,32.5,9.3,0
2023-08-30,90.3,33.7,10.3,0
2023-08-31,95.3,32.4,11.1,0
2023-09-01,115.3,31.6,9.1,0
2023-09-02,124.0,33.9,11.6,0
2023-09-03,107.7,33.4,10.1,0
2023-09-04,163.1,29.6,8.7,0
2023-09-05,128.8,30.5,11.8,0
2023-09-06,130.5,30.0,8.5,0
2023-09-07,173.2,34.0,8.5,0
2023-09-08,132.8,29.4,11.2,0
2023-09-09,125.9,30.3,8.1,0
2023-09-10,133.8,28.5,7.4,0
2023-09-11,150.3,29.4,12.4,0
2023-09-12,137.0,33.9,8.8,0
2023-09-13,148.2,25.1,9.3,0
2023-09-14,138.7,30.5,9.6,0
2023-09-15,154.1,24.6,10.0,0
2023-09-16,116.8,32.6,10.1,0
2023-09-17,121.8,32.0,6.0,0
2023-09-18,102.2,28.1,9.4,0
2023-09-19,142.5,32.1,9.0,0
2023-09-20,101.2,29.8,11.2,0
2023-09-21,134.2,29.4,11.0,0
2023-09-22,139.0,27.1,8.3,0
2023-09-23,154.4,27.4,8.9,0
2023-09-24,138.6,27.5,8.3,0
2023-09-25,146.6,28.2,7.0,0
2023-09-26,121.7,28.2,10.4,0
2023-09-27,120.5,30.2,8.7,0
2023-09-28,137.2,25.4,11.7,0
2023-09-29,194.9,29.7,6.2,0
2023-09-30,123.2,29.5,8.3,0
2023-10-01,207.8,29.0,9.6,0
2023-10-02,179.4,27.4,9.4,0
2023-10-03,255.6,26.5,6.0,0
2023-10-04,217.1,25.7,6.0,0
2023-10-05,199.2,27.2,8.0,0
2023-10-06,220.9,23.3,8.4,0
2023-10-07,222.8,26.0,7.9,0
2023-10-08,199.6,28.1,8.3,0
2023-10-09,188.5,26.2,7.5,0
2023-10-10,283.7,28.2,9.3,0
2023-10-11,222.7,30.4,6.1,0
2023-10-12,234.5,30.7,7.8,0
2023-10-13,294.1,22.5,8.0,0
2023-10-14,201.7,27.9,6.8,0
2023-10-15,250.7,22.9,6.4,1
2023-10-16,261.1,27.9,7.4,1
2023-10-17,282.2,26.6,6.4,1
2023-10-18,311.4,25.0,10.7,1
2023-10-19,309.0,24.4,8.9,1
2023-10-20,292.7,22.6,9.4,1
2023-10-21,322.8,22.4,6.7,1
2023-10-22,270.2,25.5,6.7,1
2023-10-23,292.3,24.8,10.0,1
2023-10-24,268.6,23.4,6.2,1
2023-10-25,286.5,21.3,5.4,1
2023-10-26,388.2,23.1,7.4,1
2023-10-27,287.4,20.1,8.0,1
2023-10-28,279.1,21.4,7.1,1
2023-10-29,321.9,23.1,5.5,1
2023-10-30,349.2,19.6,6.3,1
2023-10-31,281.8,19.4,6.0,1
2023-11-01,403.6,21.4,4.4,1
2023-11-02,464.6,23.5,6.9,1
2023-11-03,427.1,20.7,7.5,1
2023-11-04,428.1,20.9,8.6,1
2023-11-05,343.2,20.8,7.8,1
2023-11-06,421.2,23.7,3.6,1
2023-11-07,419.0,19.8,7.7,1
2023-11-08,500.0,22.9,7.5,1
2023-11-09,469.9,22.3,4.3,1
2023-11-10,500.0,21.2,6.6,1
2023-11-11,500.0,16.5,5.4,1
2023-11-12,500.0,20.9,4.8,1
2023-11-13,500.0,18.5,4.9,1
2023-11-14,463.6,20.3,6.3,1
2023-11-15,437.7,21.4,6.5,1
2023-11-16,440.4,20.5,6.0,0
2023-11-17,359.1,18.6,8.7,0
2023-11-18,365.0,19.7,4.5,0
2023-11-19,316.7,16.0,4.6,0
2023-11-20,414.8,19.6,6.9,0
2023-11-21,403.0,14.4,8.4,0
2023-11-22,400.2,17.5,5.5,0
2023-11-23,364.8,17.6,5.5,0
2023-11-24,330.6,18.0,4.2,0
2023-11-25,374.2,18.9,6.0,0
2023-11-26,330.8,20.1,5.6,0
2023-11-27,354.2,20.1,3.0,0
2023-11-28,433.7,16.3,6.6,0
2023-11-29,347.7,19.1,6.6,0
2023-11-30,430.6,18.7,4.7,0
2023-12-01,373.9,17.6,4.3,0
2023-12-02,316.9,19.5,3.8,0
2023-12-03,339.2,15.5,1.0,0
2023-12-04,270.9,18.7,5.1,0
2023-12-05,415.6,16.7,1.4,0
2023-12-06,388.1,15.1,6.5,0
2023-12-07,373.1,15.4,2.9,0
2023-12-08,335.3,15.4,4.7,0
2023-12-09,342.9,13.4,1.2,0
2023-12-10,350.1,15.8,3.7,0
2023-12-11,337.1,19.1,4.1,0
2023-12-12,365.8,17.7,2.4,0
2023-12-13,272.2,17.7,5.4,0
2023-12-14,363.3,15.0,3.1,0
2023-12-15,327.2,17.4,6.6,0
2023-12-16,330.4,15.3,6.1,0
2023-12-17,276.2,18.8,4.7,0
2023-12-18,390.8,13.5,2.0,0
2023-12-19,377.8,18.5,7.0,0
2023-12-20,307.5,18.3,3.4,0
2023-12-21,355.3,17.6,4.8,0
2023-12-22,404.0,16.6,4.7,0
2023-12-23,348.3,18.4,5.0,0
2023-12-24,351.4,16.8,3.5,0
2023-12-25,308.3,12.9,5.7,0
2023-12-26,380.2,16.2,2.8,0
2023-12-27,378.8,15.5,1.7,0
2023-12-28,354.5,14.3,5.4,0
2023-12-29,335.1,16.2,2.6,0
2023-12-30,383.3,14.5,5.3,0
2023-12-31,244.9,13.7,5.7,0
2024-01-01,335.0,12.9,2.6,0
2024-01-02,380.6,12.1,4.6,0
2024-01-03,394.5,16.0,5.1,0
2024-01-04,333.5,16.5,3.9,0
2024-01-05,345.2,17.3,3.1,0
2024-01-06,340.0,14.8,2.6,0
2024-01-07,314.8,15.8,4.5,0
2024-01-08,406.0,14.1,5.6,0
2024-01-09,426.1,19.2,5.8,0
2024-01-10,386.0,12.3,5.1,0
2024-01-11,429.1,13.9,4.3,0
2024-01-12,421.1,16.0,2.7,0
2024-01-13,341.7,13.7,4.3,0
2024-01-14,309.5,14.6,5.2,0
2024-01-15,362.1,18.9,1.3,0
2024-01-16,379.3,15.7,4.9,0
2024-01-17,375.6,14.9,4.7,0
2024-01-18,417.5,17.8,5.3,0
2024-01-19,377.0,13.1,3.9,0
2024-01-20,332.9,13.0,4.6,0
2024-01-21,421.9,16.4,2.5,0
2024-01-22,423.0,13.3,4.4,0
2024-01-23,331.8,14.0,5.4,0
2024-01-24,356.2,18.0,4.2,0
2024-01-25,358.9,14.5,5.4,0
2024-01-26,338.3,13.7,3.8,0
2024-01-27,381.2,18.9,3.3,0
2024-01-28,354.5,15.7,2.7,0
2024-01-29,436.3,16.9,4.0,0
2024-01-30,359.4,17.4,5.6,0
2024-01-31,399.9,13.2,3.4,0
2024-02-01,337.0,16.5,1.1,0
2024-02-02,378.8,15.8,3.9,0
2024-02-03,287.9,16.4,6.3,0
2024-02-04,335.9,17.5,6.9,0
2024-02-05,321.7,13.5,4.1,0
2024-02-06,295.0,16.7,5.5,0
2024-02-07,390.4,15.9,1.5,0
2024-02-08,319.6,14.8,4.6,0
2024-02-09,334.3,18.2,1.0,0
2024-02-10,359.6,15.8,3.9,0
2024-02-11,311.4,14.3,5.8,0
2024-02-12,300.5,18.7,3.7,0
2024-02-13,266.8,18.4,5.4,0
2024-02-14,359.4,15.2,5.3,0
2024-02-15,359.0,15.0,1.0,0
2024-02-16,234.7,14.0,1.8,0
2024-02-17,288.0,18.2,5.1,0
2024-02-18,345.5,19.4,5.9,0
2024-02-19,271.9,14.0,4.9,0
2024-02-20,351.6,16.4,4.6,0
2024-02-21,350.1,17.0,6.0,0
2024-02-22,286.4,21.4,4.6,0
2024-02-23,383.0,17.7,4.0,0
2024-02-24,283.8,16.7,4.4,0
2024-02-25,273.3,18.8,5.0,0
2024-02-26,324.7,20.8,4.0,0
2024-02-27,346.8,18.9,2.9,0
2024-02-28,289.2,15.6,6.6,0
2024-02-29,349.8,19.2,7.1,0
2024-03-01,231.4,18.5,5.2,0
2024-03-02,197.2,21.0,4.5,0
2024-03-03,201.8,19.6,4.4,0
2024-03-04,250.1,15.5,5.0,0
2024-03-05,256.1,19.0,7.2,0
2024-03-06,261.0,18.2,5.5,0
2024-03-07,227.9,21.3,6.0,0
2024-03-08,271.7,16.9,3.7,0
2024-03-09,215.4,20.2,6.8,0
2024-03-10,243.7,22.0,5.3,0
2024-03-11,262.6,19.2,5.2,0
2024-03-12,243.1,20.3,6.7,0
2024-03-13,266.9,19.5,9.8,0
2024-03-14,267.9,21.2,6.4,0
2024-03-15,232.2,20.9,6.4,0
2024-03-16,237.4,19.9,1.6,0
2024-03-17,215.6,19.2,8.8,0
2024-03-18,216.0,17.9,6.4,0
2024-03-19,264.7,21.4,7.0,0
2024-03-20,204.9,19.0,6.7,0
2024-03-21,249.6,22.2,7.5,0
2024-03-22,282.4,20.9,7.4,0
2024-03-23,190.4,20.5,7.1,0
2024-03-24,246.7,19.5,7.1,0
2024-03-25,228.8,20.9,6.6,0
2024-03-26,197.0,20.5,7.5,0
2024-03-27,256.1,24.3,6.1,0
2024-03-28,257.0,19.4,8.2,0
2024-03-29,246.2,22.8,5.8,0
2024-03-30,244.6,19.9,6.9,0
2024-03-31,187.1,24.0,7.4,0
2024-04-01,145.5,23.9,7.5,0
2024-04-02,228.4,24.3,7.5,0
2024-04-03,223.5,20.7,2.8,0
2024-04-04,183.5,23.6,5.1,0
2024-04-05,211.0,28.7,7.3,0
2024-04-06,187.7,22.1,4.7,0
2024-04-07,181.0,23.0,7.3,0
2024-04-08,169.4,24.3,7.7,0
2024-04-09,156.4,24.9,5.1,0
2024-04-10,193.2,25.6,8.8,0
2024-04-11,198.9,21.5,7.1,0
2024-04-12,220.9,21.2,7.1,0
2024-04-13,192.1,27.5,7.6,0
2024-04-14,164.2,20.9,9.3,0
2024-04-15,227.9,25.6,8.0,0
2024-04-16,189.8,23.4,9.4,0
2024-04-17,176.8,25.0,8.3,0
2024-04-18,201.3,25.4,8.5,0
2024-04-19,213.5,25.8,9.9,0
2024-04-20,150.1,23.7,10.1,0
2024-04-21,130.1,27.2,9.7,0
2024-04-22,177.1,26.3,8.2,0
2024-04-23,172.4,29.0,8.0,0
2024-04-24,186.6,26.6,10.0,0
2024-04-25,135.2,29.0,9.9,0
2024-04-26,206.9,25.8,8.3,0
2024-04-27,182.4,21.7,13.0,0
2024-04-28,217.6,27.5,11.1,0
2024-04-29,187.6,29.1,10.8,0
2024-04-30,172.9,27.2,8.7,0
2024-05-01,206.0,26.3,7.5,0
2024-05-02,203.8,24.5,9.8,0
2024-05-03,278.5,28.3,8.8,0
2024-05-04,185.6,30.9,7.8,0
2024-05-05,154.6,27.1,8.2,0
2024-05-06,224.2,29.3,8.8,0
2024-05-07,168.9,30.6,11.9,0
2024-05-08,182.3,29.8,10.9,0
2024-05-09,199.6,27.4,12.4,0
2024-05-10,167.9,30.4,8.8,0
2024-05-11,155.1,28.1,9.9,0
2024-05-12,157.6,29.4,7.6,0
2024-05-13,182.0,30.9,11.1,0
2024-05-14,193.3,27.7,8.7,0
2024-05-15,177.5,31.2,11.7,0
2024-05-16,176.8,27.7,10.8,0
2024-05-17,211.9,29.1,12.4,0
2024-05-18,183.5,30.6,8.6,0
2024-05-19,202.9,32.6,10.0,0
2024-05-20,191.1,33.2,13.1,0
2024-05-21,197.4,31.9,12.8,0
2024-05-22,202.0,29.9,10.0,0
2024-05-23,224.4,28.5,10.5,0
2024-05-24,221.1,26.8,13.1,0
2024-05-25,171.5,30.4,11.7,0
2024-05-26,132.7,33.9,12.4,0
2024-05-27,192.4,32.7,10.6,0
2024-05-28,212.6,30.2,13.6,0
2024-05-29,188.2,30.3,9.0,0
2024-05-30,219.5,32.8,11.4,0
2024-05-31,192.2,33.7,12.6,0
2024-06-01,165.2,29.4,10.9,0
2024-06-02,132.1,32.2,12.0,0
2024-06-03,166.4,30.4,11.1,0
2024-06-04,139.1,31.2,10.9,0
2024-06-05,184.1,34.9,10.9,0
2024-06-06,130.0,35.8,11.2,0
2024-06-07,138.1,28.7,9.2,0
2024-06-08,141.1,35.7,11.6,0
2024-06-09,166.1,28.6,9.7,0
2024-06-10,166.1,33.8,11.3,0
2024-06-11,151.7,36.5,11.2,0
2024-06-12,100.3,33.8,15.2,0
2024-06-13,164.2,34.8,11.4,0
2024-06-14,170.8,32.2,11.6,0
2024-06-15,108.2,39.9,12.9,0
2024-06-16,105.3,32.9,11.0,0
2024-06-17,124.5,33.2,12.8,0
2024-06-18,132.4,36.0,12.5,0
2024-06-19,162.6,33.7,14.2,0
2024-06-20,155.0,34.1,11.4,0
2024-06-21,204.8,33.1,8.6,0
2024-06-22,132.4,34.5,12.4,0
2024-06-23,107.8,32.8,11.6,0
2024-06-24,128.0,38.9,10.0,0
2024-06-25,148.6,33.5,13.8,0
2024-06-26,166.1,32.0,13.8,0
2024-06-27,197.7,35.6,13.0,0
2024-06-28,181.7,38.9,10.9,0
2024-06-29,99.3,35.4,12.7,0
2024-06-30,153.8,34.3,10.7,0
2024-07-01,100.5,36.8,8.8,0
2024-07-02,104.1,37.0,11.7,0
2024-07-03,89.8,35.5,12.5,0
2024-07-04,114.2,32.4,10.3,0
2024-07-05,90.3,34.9,11.8,0
2024-07-06,77.0,34.3,13.6,0
2024-07-07,82.9,32.2,13.1,0
2024-07-08,89.4,35.0,14.4,0
2024-07-09,96.2,35.5,10.2,0
2024-07-10,102.7,36.2,9.7,0
2024-07-11,110.3,35.2,12.1,0
2024-07-12,74.8,35.6,14.2,0
2024-07-13,69.5,35.3,12.1,0
2024-07-14,72.4,36.9,15.5,0
2024-07-15,83.6,36.0,12.1,0
2024-07-16,83.7,31.4,10.9,0
2024-07-17,86.1,38.4,11.8,0
2024-07-18,86.3,36.8,10.3,0
2024-07-19,99.1,35.1,13.5,0
2024-07-20,88.6,35.5,12.0,0
2024-07-21,88.3,35.4,10.4,0
2024-07-22,92.0,32.8,12.0,0
2024-07-23,68.3,40.0,11.8,0
2024-07-24,118.9,34.6,12.7,0
2024-07-25,115.8,33.7,9.5,0
2024-07-26,98.4,32.1,11.2,0
2024-07-27,73.6,34.7,12.9,0
2024-07-28,87.9,34.2,11.8,0
2024-07-29,107.0,34.9,12.4,0
2024-07-30,71.0,35.5,12.4,0
2024-07-31,105.5,34.8,12.4,0
2024-08-01,83.1,33.2,10.7,0
2024-08-02,75.4,35.6,13.2,0
2024-08-03,71.2,36.3,11.8,0
2024-08-04,77.8,34.0,12.7,0
2024-08-05,89.9,38.9,10.3,0
2024-08-06,91.5,33.3,10.3,0
2024-08-07,73.2,34.5,15.9,0
2024-08-08,62.2,31.9,11.9,0
2024-08-09,98.1,33.9,11.5,0
2024-08-10,74.3,36.0,10.7,0
2024-08-11,87.6,32.5,9.7,0
2024-08-12,80.3,31.4,10.7,0
2024-08-13,62.7,34.9,14.0,0
2024-08-14,94.7,30.0,11.1,0
2024-08-15,87.0,34.1,10.6,0
2024-08-16,58.1,34.3,12.7,0
2024-08-17,68.0,32.8,11.5,0
2024-08-18,75.6,36.9,10.2,0
2024-08-19,65.9,34.4,10.2,0
2024-08-20,82.9,32.3,12.6,0
2024-08-21,84.9,31.4,12.4,0
2024-08-22,101.5,32.0,11.1,0
2024-08-23,95.7,37.7,12.1,0
2024-08-24,86.6,31.8,9.3,0
2024-08-25,82.4,32.9,9.2,0
2024-08-26,95.6,33.4,11.3,0
2024-08-27,86.1,33.0,9.9,0
2024-08-28,89.2,29.9,13.3,0
2024-08-29,135.3,31.8,9.2,0
2024-08-30,103.1,30.0,9.9,0
2024-08-31,98.8,33.2,11.9,0
2024-09-01,120.8,32.9,8.8,0
2024-09-02,103.2,32.3,13.5,0
2024-09-03,149.1,34.0,10.6,0
2024-09-04,155.6,31.3,9.0,0
2024-09-05,132.8,32.7,11.6,0
2024-09-06,161.7,30.0,7.8,0
2024-09-07,118.1,31.9,8.6,0
2024-09-08,118.4,30.0,7.8,0
2024-09-09,131.4,28.5,9.3,0
2024-09-10,160.8,27.4,12.9,0
2024-09-11,149.8,29.0,10.2,0
2024-09-12,160.8,32.7,8.5,0
2024-09-13,161.5,29.1,7.7,0
2024-09-14,93.7,32.7,13.5,0
2024-09-15,140.1,31.3,9.0,0
2024-09-16,137.5,26.8,7.6,0
2024-09-17,157.4,29.8,8.5,0
2024-09-18,167.9,31.5,10.3,0
2024-09-19,172.3,30.1,7.5,0
2024-09-20,171.6,27.9,10.6,0
2024-09-21,118.9,29.9,7.0,0
2024-09-22,128.4,31.5,8.9,0
2024-09-23,145.7,30.2,10.1,0
2024-09-24,163.5,28.1,8.5,0
2024-09-25,165.5,29.5,8.5,0
2024-09-26,136.2,27.9,7.6,0
2024-09-27,173.8,26.1,8.4,0
2024-09-28,123.6,26.3,9.0,0
2024-09-29,136.0,27.2,6.4,0
2024-09-30,151.0,27.2,9.4,0
2024-10-01,242.1,25.0,10.1,0
2024-10-02,221.4,27.6,8.4,0
2024-10-03,184.3,27.5,9.1,0
2024-10-04,247.8,25.8,7.9,0
2024-10-05,201.5,29.1,7.1,0
2024-10-06,211.1,25.5,7.0,0
2024-10-07,253.1,27.9,6.5,0
2024-10-08,237.2,22.8,7.2,0
2024-10-09,172.2,29.4,7.6,0
2024-10-10,264.0,21.9,8.0,0
2024-10-11,272.7,26.4,8.1,0
2024-10-12,173.7,24.4,9.1,0
2024-10-13,220.9,23.5,5.0,0
2024-10-14,243.6,25.1,7.8,0
2024-10-15,264.3,23.1,7.3,1
2024-10-16,240.5,26.1,8.7,1
2024-10-17,299.7,23.0,5.8,1
2024-10-18,338.5,24.2,10.1,1
2024-10-19,254.1,24.3,8.2,1
2024-10-20,286.1,25.4,5.6,1
2024-10-21,328.2,23.7,8.4,1
2024-10-22,307.7,23.0,5.5,1
2024-10-23,256.6,24.4,5.0,1
2024-10-24,333.5,25.6,4.7,1
2024-10-25,323.3,22.8,4.0,1
2024-10-26,272.2,23.7,4.9,1
2024-10-27,341.5,24.1,4.5,1
2024-10-28,323.4,20.1,6.3,1
2024-10-29,327.9,21.3,5.6,1
2024-10-30,284.1,23.8,6.5,1
2024-10-31,500.0,21.5,7.9,1
2024-11-01,500.0,24.0,6.4,1
2024-11-02,500.0,18.4,6.5,1
2024-11-03,415.2,23.2,5.4,1
2024-11-04,397.2,24.0,5.2,1
2024-11-05,417.0,23.0,5.9,1
2024-11-06,476.0,24.8,9.1,1
2024-11-07,494.7,24.5,4.4,1
2024-11-08,398.2,23.8,5.8,1
2024-11-09,466.9,20.7,6.9,1
2024-11-10,417.0,19.2,7.3,1
2024-11-11,500.0,19.9,6.0,1
2024-11-12,421.4,21.1,6.4,1
2024-11-13,463.8,19.9,8.2,1
2024-11-14,370.7,20.0,6.6,1
2024-11-15,375.1,20.1,5.7,1
2024-11-16,404.7,21.3,3.5,0
2024-11-17,303.3,22.4,3.7,0
2024-11-18,408.2,19.2,4.5,0
2024-11-19,476.7,21.7,2.0,0
2024-11-20,427.2,18.4,6.1,0
2024-11-21,410.9,20.5,5.4,0
2024-11-22,320.6,19.5,4.3,0
2024-11-23,335.1,16.3,5.0,0
2024-11-24,395.6,17.1,7.8,0
2024-11-25,379.9,18.0,6.1,0
2024-11-26,380.1,18.6,5.7,0
2024-11-27,427.4,16.9,6.8,0
2024-11-28,375.2,13.6,3.9,0
2024-11-29,401.8,16.8,6.2,0
2024-11-30,394.2,15.1,4.3,0
2024-12-01,341.9,17.3,3.9,0
2024-12-02,405.7,20.9,5.5,0
2024-12-03,360.1,16.4,4.7,0
2024-12-04,320.3,17.7,5.4,0
2024-12-05,309.7,18.6,2.2,0
2024-12-06,385.6,21.5,3.9,0
2024-12-07,373.3,20.5,1.1,0
2024-12-08,276.7,18.3,7.0,0
2024-12-09,402.5,19.8,3.4,0
2024-12-10,360.5,16.7,5.6,0
2024-12-11,384.2,13.0,1.0,0
2024-12-12,350.7,16.1,5.0,0
2024-12-13,336.8,20.5,4.7,0
2024-12-14,333.8,17.1,3.7,0
2024-12-15,316.0,13.9,4.3,0
2024-12-16,314.2,14.0,7.3,0
2024-12-17,377.8,16.2,3.1,0
2024-12-18,446.7,13.5,5.5,0
2024-12-19,345.4,14.3,6.1,0
2024-12-20,341.0,18.9,7.5,0
2024-12-21,340.3,12.8,5.6,0
2024-12-22,298.3,16.8,3.7,0
2024-12-23,300.1,18.0,4.6,0
2024-12-24,346.7,17.0,4.9,0
2024-12-25,354.5,18.8,3.2,0
2024-12-26,305.0,17.1,4.2,0
2024-12-27,400.2,15.9,3.5,0
2024-12-28,292.4,15.7,4.2,0
2024-12-29,300.4,14.9,5.5,0
2024-12-30,319.8,15.3,2.6,0
2024-12-31,445.6,15.1,4.3,0
2025-01-01,320.6,14.4,4.0,0
2025-01-02,429.6,16.5,4.6,0
2025-01-03,346.9,17.4,4.5,0
2025-01-04,373.9,15.6,3.8,0
2025-01-05,281.9,16.8,3.6,0
2025-01-06,351.8,17.8,4.9,0
2025-01-07,424.3,16.2,4.1,0
2025-01-08,445.2,11.2,3.4,0
2025-01-09,312.3,16.2,6.7,0
2025-01-10,294.5,17.2,5.5,0
2025-01-11,278.8,14.4,3.8,0
2025-01-12,321.3,14.5,5.3,0
2025-01-13,369.3,15.5,4.4,0
2025-01-14,305.1,13.6,5.0,0
2025-01-15,347.6,15.0,6.1,0
2025-01-16,377.7,13.5,5.1,0
2025-01-17,269.7,16.5,4.1,0
2025-01-18,375.4,17.4,7.2,0
2025-01-19,329.7,7.9,4.7,0
2025-01-20,367.9,12.9,4.3,0
2025-01-21,322.9,16.1,4.2,0
2025-01-22,304.3,13.9,3.0,0
2025-01-23,435.2,12.4,3.8,0
2025-01-24,326.3,14.0,3.0,0
2025-01-25,408.7,15.2,5.9,0
2025-01-26,316.0,15.7,4.4,0
2025-01-27,356.4,14.5,5.1,0
2025-01-28,346.6,14.9,4.2,0
2025-01-29,401.1,15.1,1.2,0
2025-01-30,380.9,20.0,3.4,0
2025-01-31,351.9,17.1,6.2,0
2025-02-01,298.1,11.8,4.7,0
2025-02-02,295.5,14.8,4.1,0
2025-02-03,307.3,16.3,4.9,0
2025-02-04,339.7,16.4,4.0,0
2025-02-05,261.3,14.4,4.5,0
2025-02-06,279.3,15.0,5.3,0
2025-02-07,278.0,15.1,1.0,0
2025-02-08,302.0,13.6,4.7,0
2025-02-09,277.7,15.8,4.0,0
2025-02-10,301.3,17.4,4.9,0
2025-02-11,260.7,18.6,7.6,0
2025-02-12,312.3,17.2,9.3,0
2025-02-13,332.5,16.4,4.6,0
2025-02-14,316.6,17.8,2.9,0
2025-02-15,265.7,11.8,4.5,0
2025-02-16,275.5,17.2,2.4,0
2025-02-17,246.9,18.5,3.9,0
2025-02-18,309.1,17.2,4.0,0
2025-02-19,253.8,15.3,7.9,0
2025-02-20,313.1,22.5,4.4,0
2025-02-21,289.8,15.8,4.1,0
2025-02-22,300.2,18.3,3.0,0
2025-02-23,317.5,12.8,5.6,0
2025-02-24,315.7,14.7,6.2,0
2025-02-25,410.0,20.6,4.0,0
2025-02-26,260.5,12.7,4.8,0
2025-02-27,301.1,21.3,5.0,0
2025-02-28,289.1,18.6,5.4,0
2025-03-01,228.8,15.3,5.7,0
2025-03-02,155.0,19.4,8.4,0
2025-03-03,229.4,18.0,7.4,0
2025-03-04,257.2,13.5,3.7,0
2025-03-05,212.2,18.9,6.7,0
2025-03-06,245.6,19.0,4.3,0
2025-03-07,279.8,18.7,4.6,0
2025-03-08,199.7,15.3,5.6,0
2025-03-09,190.6,22.5,6.8,0
2025-03-10,203.4,18.5,8.8,0
2025-03-11,246.7,15.6,6.5,0
2025-03-12,276.2,20.6,7.1,0
2025-03-13,260.7,16.0,4.3,0
2025-03-14,291.3,17.4,4.0,0
2025-03-15,216.5,16.5,5.7,0
2025-03-16,224.4,22.5,3.5,0
2025-03-17,208.3,18.2,7.3,0
2025-03-18,165.1,23.3,5.1,0
2025-03-19,263.2,18.7,6.1,0
2025-03-20,264.7,18.0,4.7,0
2025-03-21,231.0,17.9,6.4,0
2025-03-22,189.0,21.2,5.6,0
2025-03-23,178.4,21.6,5.4,0
2025-03-24,270.5,23.6,7.6,0
2025-03-25,233.8,22.8,5.0,0
2025-03-26,225.8,19.4,4.5,0
2025-03-27,187.2,23.5,7.5,0
2025-03-28,184.9,20.8,6.9,0
2025-03-29,171.6,23.3,6.8,0
2025-03-30,196.9,19.2,8.9,0
2025-03-31,244.0,24.6,9.7,0
2025-04-01,212.5,21.3,3.6,0
2025-04-02,142.8,26.7,7.4,0
2025-04-03,171.4,21.4,7.2,0
2025-04-04,183.4,17.8,7.4,0
2025-04-05,178.7,26.6,7.8,0
2025-04-06,140.4,23.0,7.9,0
2025-04-07,195.7,21.3,9.4,0
2025-04-08,202.3,22.8,8.6,0
2025-04-09,160.4,27.7,8.2,0
2025-04-10,211.3,23.7,8.9,0
2025-04-11,173.7,20.9,8.4,0
2025-04-12,185.6,23.1,9.4,0
2025-04-13,163.0,23.1,8.0,0
2025-04-14,160.2,30.4,8.7,0
2025-04-15,220.1,27.4,10.4,0
2025-04-16,171.2,29.1,9.5,0
2025-04-17,180.2,24.7,8.0,0
2025-04-18,205.5,27.8,8.5,0
2025-04-19,135.6,26.8,7.0,0
2025-04-20,176.4,23.2,8.0,0
2025-04-21,173.3,24.5,9.8,0
2025-04-22,223.6,26.5,9.0,0
2025-04-23,166.2,24.2,12.2,0
2025-04-24,263.0,23.6,8.6,0
2025-04-25,197.3,28.3,9.9,0
2025-04-26,166.9,25.1,9.6,0
2025-04-27,152.6,30.4,9.0,0
2025-04-28,192.6,24.7,9.4,0
2025-04-29,189.7,24.8,10.0,0
2025-04-30,176.7,29.4,11.2,0
2025-05-01,240.6,25.4,8.2,0
2025-05-02,196.7,28.0,12.1,0
2025-05-03,140.1,29.3,10.9,0
2025-05-04,169.5,28.6,7.7,0
2025-05-05,205.9,29.4,8.1,0
2025-05-06,174.5,25.3,11.4,0
2025-05-07,184.4,26.4,7.6,0
2025-05-08,223.5,24.8,9.0,0
2025-05-09,199.4,28.4,8.1,0
2025-05-10,179.0,29.2,12.9,0
2025-05-11,162.0,29.7,11.4,0
2025-05-12,142.7,29.1,12.6,0
2025-05-13,178.0,31.4,10.0,0
2025-05-14,187.1,28.5,10.4,0
2025-05-15,145.0,28.9,9.2,0
